"File","TLen","MLen","Title","Meta"
"best-free-online-unit-converters-2026.html","77","114","Best Free Online Unit Converters in 2026 (Length, Weight, Temperature & More)","Find the best free online unit converters in 2026. Convert length, weight, temperature, volume and more instantly."
"best-free-online-video-compressors-2026.html","64","120","Best Free Online Video Compressors in 2026 (No Sign-Up Required)","Discover the best free online video compressors in 2026. Reduce video file size without quality loss. No sign-up needed."
"how-to-compress-gif-file-online.html","63","118","How to Compress a GIF File Online Without Losing Quality (2026)","Compress GIF files online for free without losing animation quality. Reduce GIF size for web and social media in 2026."
"how-to-compress-video-without-losing-quality.html","64","123","How to Compress a Video File Without Losing Quality (2026 Guide)","Learn how to compress video files without losing quality in 2026. Free methods, expert tips, and step-by-step instructions."
"how-to-convert-avi-to-mp4-online-free.html","60","104","How to Convert AVI to MP4 Online Free â€” Fast & Easy (2026)","Convert AVI to MP4 online for free in 2026. No software download needed. Fast, easy, step-by-step guide."
"how-to-convert-heic-to-jpg-online-free.html","82","110","How to Convert HEIC to JPG Online Free â€” Open iPhone Photos on Any Device (2026)","Convert HEIC to JPG online for free in 2026. Open iPhone photos on Windows, Android, and any device instantly."
"how-to-convert-jpg-to-png-online-free.html","70","125","How to Convert JPG to PNG Online Free â€” No Quality Loss (2026 Guide)","Convert JPG to PNG online for free with no quality loss in 2026. Preserve transparency and image quality. Step-by-step guide."
"how-to-convert-jpg-to-webp-online-free.html","83","102","How to Convert JPG to WEBP Online Free â€” Smaller Files for Faster Websites (2026)","Convert JPG to WEBP online for free in 2026. Get smaller image files for faster website loading times."
"how-to-convert-mov-to-mp4-online-free.html","67","106","How to Convert MOV to MP4 Online Free â€” iPhone Video Guide (2026)","Convert MOV to MP4 online for free in 2026. Open iPhone videos on any device. No software download needed."
"how-to-convert-mp4-to-mp3-online-free.html","67","118","How to Convert MP4 to MP3 Online for Free (2026 Step-by-Step Guide)","Convert MP4 to MP3 online for free in 2026. Extract audio from any video with no sign-up required. Step-by-step guide."
"how-to-convert-png-to-jpg-online-free.html","75","105","How to Convert PNG to JPG Online Free â€” Reduce File Size Instantly (2026)","Convert PNG to JPG online for free in 2026. Reduce image file size instantly while keeping great quality."
"how-to-convert-png-to-webp-online-free.html","64","102","How to Convert PNG to WEBP Online Free â€” Complete Guide (2026)","Convert PNG to WEBP online for free in 2026. Reduce image file size dramatically for web optimization."
"how-to-convert-time-zones-online-free.html","63","114","How to Convert Time Zones Online Free â€” Complete Guide (2026)","Convert time zones online for free in 2026. Find the current time in any city worldwide. Complete guide with tips."
"how-to-make-gif-from-video-online-free.html","59","112","How to Make a GIF from a Video Online for Free (2026 Guide)","Create animated GIFs from video clips online for free in 2026. No software needed. Step-by-step guide with tips."
"how-to-trim-audio-online-free.html","67","141","How to Trim Audio Online for Free (2026 Complete Guide) | Toolzspan","Learn how to trim and cut audio files online for free in 2026. Step-by-step guide using a visual waveform editor. No software install needed."
"mp3-vs-mp4-difference-and-how-to-convert.html","72","114","MP3 vs MP4: What's the Difference and How to Convert Between Them (2026)","Learn the difference between MP3 and MP4 formats and how to convert between them for free in 2026. Complete guide."
"post-01.html","44","130","How to Compress a PDF Without Losing Quality","Learn how to reduce your PDF file size while keeping the content sharp and readable. A practical guide to PDF compression in 2026."
"post-02.html","45","139","The Best Free PDF Tools You Can Use Right Now","A curated list of the best free online PDF tools in 2026. Compress, merge, split, convert, and edit PDFs — all without creating an account."
"post-03.html","40","126","How to Merge Multiple PDFs Into One File","Learn how to combine multiple PDF documents into a single file for free. A step-by-step guide to merging PDFs in your browser."
"post-04.html","38","136","How to Split a PDF Into Separate Pages","Learn how to extract specific pages or split an entire PDF into individual files for free. A step-by-step guide using free online tools."
"post-05.html","41","131","How to Convert PDF to JPG or PNG for Free","Turn your PDF pages into high-quality JPG or PNG image files for free. A complete guide to PDF-to-image conversion in your browser."
"post-06.html","37","112","How to Convert Images Into a PDF File","Combine photos, scans, or screenshots into a single PDF document for free. A guide to creating PDFs from images."
"post-07.html","48","117","How to Add a Password to a PDF to Keep It Secure","Protect sensitive PDF documents by adding password protection before sharing. A step-by-step guide to PDF encryption."
"post-08.html","40","135","How to Remove a Password From a PDF File","Unlock a password-protected PDF when you know the original password. A step-by-step guide to removing PDF password protection for free."
"post-09.html","31","116","How to Add a Watermark to a PDF","Mark your PDF documents as confidential, draft, or branded with a custom text watermark. A free, step-by-step guide."
"post-10.html","37","115","How to Sign a PDF Without Printing It","Skip the printer. Learn how to add your handwritten signature to a PDF document digitally using a free online tool."
"post-11.html","41","134","What Is OCR and How Does It Work on PDFs?","Understand Optical Character Recognition and how it turns scanned documents into searchable, editable text. A beginner-friendly guide."
"post-12.html","49","116","How to Convert a Scanned Image Into Editable Text","Extract text from photos of documents, receipts, or notes using free OCR technology. A practical step-by-step guide."
"post-13.html","45","105","How to Convert Word Documents to PDF for Free","The easiest ways to turn your Word .doc and .docx files into universally readable PDF documents for free."
"post-14.html","57","134","How to Convert PDF Back to Word Without Losing Formatting","Need to edit a PDF in Word? Learn how to convert PDFs back to editable Word documents while preserving as much formatting as possible."
"post-15.html","46","122","How to Convert PowerPoint Presentations to PDF","Share your presentations as PDF files to ensure they look the same on every device. A free, step-by-step conversion guide."
"post-16.html","40","113","How to Convert Excel Spreadsheets to PDF","Turn your Excel spreadsheets into clean, shareable PDF documents with proper formatting. A free conversion guide."
"post-17.html","33","127","How to Rotate Pages in a PDF File","Fix sideways or upside-down pages in your PDF without installing any software. A free step-by-step guide to rotating PDF pages."
"post-18.html","47","133","How to Remove Pages From a PDF Without Software","Delete unwanted pages from your PDF documents using a free online tool. No downloads, no sign-up — just upload, remove, and download."
"post-19.html","41","125","PDF File Too Large? Here Is How to Fix It","Struggling with oversized PDF files? Practical tips, strategies, and free tools to get your PDF file size under control fast."
"post-20.html","59","141","The Difference Between PDF Compression and PDF Optimization","Compression and optimization sound the same but work differently. Learn when to compress and when to optimize your PDFs for the best results."
"post-21.html","53","140","How to Compress Images for Web Without Losing Quality","Reduce image file sizes for faster page loads while keeping visual quality high. A practical guide to web image compression with free tools."
"post-22.html","55","145","How to Generate QR Codes for Free and Where to Use Them","Create QR codes for URLs, text, and contact info. Learn where and how to use QR codes effectively for business, marketing, and personal projects."
"webp-to-jpg-convert-webp-images-online-free.html","58","109","WEBP to JPG: How to Convert WEBP Images Online Free (2026)","Convert WEBP images to JPG format online for free in 2026. Open WEBP files on any device. No software needed."
"webp-to-png-convert-webp-to-png-online-free.html","64","98","WEBP to PNG: How to Convert WEBP to PNG Online Free (2026 Guide)","Convert WEBP to PNG online for free in 2026. Preserve full image quality with lossless PNG output."
